Age Group,Gender,Quarter,Quarter Num,Reporting Period,Share Of Quarter,Year,Year Quarter,Enrollment,Gender Ratio,Hhi Concentration,Rolling 4Q Avg,Seasonality Index,Yoy Growth
0_17,FEMALE,Q1,1,2016 Q1,0.03,2016,2016_Q1,5423,0.49,0.09,5423,0.64,
0_17,MALE,Q1,1,2016 Q1,0.03,2016,2016_Q1,5667,0.51,0.09,5667,0.67,
18_25,FEMALE,Q1,1,2016 Q1,0.07,2016,2016_Q1,12676,0.47,0.09,12676,1.49,
18_25,MALE,Q1,1,2016 Q1,0.07,2016,2016_Q1,14501,0.53,0.09,14501,1.71,
26_34,FEMALE,Q1,1,2016 Q1,0.11,2016,2016_Q1,22311,0.46,0.09,22311,2.63,
26_34,MALE,Q1,1,2016 Q1,0.14,2016,2016_Q1,26634,0.54,0.09,26634,3.13,
35_44,FEMALE,Q1,1,2016 Q1,0.08,2016,2016_Q1,15404,0.47,0.09,15404,1.81,
35_44,MALE,Q1,1,2016 Q1,0.09,2016,2016_Q1,17267,0.53,0.09,17267,2.03,
45_54,FEMALE,Q1,1,2016 Q1,0.1,2016,2016_Q1,19386,0.49,0.09,19386,2.28,
45_54,MALE,Q1,1,2016 Q1,0.1,2016,2016_Q1,20193,0.51,0.09,20193,2.38,
55_64,FEMALE,Q1,1,2016 Q1,0.09,2016,2016_Q1,16870,0.5,0.09,16870,1.99,
55_64,MALE,Q1,1,2016 Q1,0.09,2016,2016_Q1,17029,0.5,0.09,17029,2,
65_PLUS,FEMALE,Q1,1,2016 Q1,0,2016,2016_Q1,699,0.5,0.09,699,0.08,
65_PLUS,MALE,Q1,1,2016 Q1,0,2016,2016_Q1,696,0.5,0.09,696,0.08,
0_17,FEMALE,Q2,2,2016 Q2,0.04,2016,2016_Q2,2334,0.48,0.09,3878.5,0.27,
0_17,MALE,Q2,2,2016 Q2,0.05,2016,2016_Q2,2555,0.52,0.09,4111,0.3,
18_25,FEMALE,Q2,2,2016 Q2,0.06,2016,2016_Q2,3418,0.52,0.09,8047,0.4,
18_25,MALE,Q2,2,2016 Q2,0.06,2016,2016_Q2,3208,0.48,0.09,8854.5,0.38,
26_34,FEMALE,Q2,2,2016 Q2,0.13,2016,2016_Q2,7333,0.53,0.09,14822,0.86,
26_34,MALE,Q2,2,2016 Q2,0.12,2016,2016_Q2,6514,0.47,0.09,16574,0.77,
35_44,FEMALE,Q2,2,2016 Q2,0.09,2016,2016_Q2,4731,0.52,0.09,10067.5,0.56,
35_44,MALE,Q2,2,2016 Q2,0.08,2016,2016_Q2,4321,0.48,0.09,10794,0.51,
45_54,FEMALE,Q2,2,2016 Q2,0.09,2016,2016_Q2,5129,0.53,0.09,12257.5,0.6,
45_54,MALE,Q2,2,2016 Q2,0.08,2016,2016_Q2,4572,0.47,0.09,12382.5,0.54,
55_64,FEMALE,Q2,2,2016 Q2,0.1,2016,2016_Q2,5634,0.55,0.09,11252,0.66,
55_64,MALE,Q2,2,2016 Q2,0.08,2016,2016_Q2,4609,0.45,0.09,10819,0.54,
65_PLUS,FEMALE,Q2,2,2016 Q2,0,2016,2016_Q2,185,0.51,0.09,442,0.02,
65_PLUS,MALE,Q2,2,2016 Q2,0,2016,2016_Q2,178,0.49,0.09,437,0.02,
0_17,FEMALE,Q3,3,2016 Q3,0.05,2016,2016_Q3,2499,0.48,0.09,3418.67,0.29,
0_17,MALE,Q3,3,2016 Q3,0.05,2016,2016_Q3,2673,0.52,0.09,3631.67,0.31,
18_25,FEMALE,Q3,3,2016 Q3,0.06,2016,2016_Q3,2976,0.54,0.09,6356.67,0.35,
18_25,MALE,Q3,3,2016 Q3,0.05,2016,2016_Q3,2570,0.46,0.09,6759.67,0.3,
26_34,FEMALE,Q3,3,2016 Q3,0.15,2016,2016_Q3,7201,0.54,0.09,12281.67,0.85,
26_34,MALE,Q3,3,2016 Q3,0.12,2016,2016_Q3,6125,0.46,0.09,13091,0.72,
35_44,FEMALE,Q3,3,2016 Q3,0.09,2016,2016_Q3,4370,0.53,0.09,8168.33,0.51,
35_44,MALE,Q3,3,2016 Q3,0.08,2016,2016_Q3,3891,0.47,0.09,8493,0.46,
45_54,FEMALE,Q3,3,2016 Q3,0.09,2016,2016_Q3,4459,0.54,0.09,9658,0.52,
45_54,MALE,Q3,3,2016 Q3,0.08,2016,2016_Q3,3789,0.46,0.09,9518,0.45,
55_64,FEMALE,Q3,3,2016 Q3,0.1,2016,2016_Q3,4696,0.55,0.09,9066.67,0.55,
55_64,MALE,Q3,3,2016 Q3,0.08,2016,2016_Q3,3768,0.45,0.09,8468.67,0.44,
65_PLUS,FEMALE,Q3,3,2016 Q3,0,2016,2016_Q3,177,0.51,0.09,353.67,0.02,
65_PLUS,MALE,Q3,3,2016 Q3,0,2016,2016_Q3,169,0.49,0.09,347.67,0.02,
0_17,FEMALE,Q4,4,2016 Q4,0.04,2016,2016_Q4,7192,0.49,0.09,4362,0.85,
0_17,MALE,Q4,4,2016 Q4,0.04,2016,2016_Q4,7533,0.51,0.09,4607,0.89,
18_25,FEMALE,Q4,4,2016 Q4,0.06,2016,2016_Q4,10959,0.5,0.09,7507.25,1.29,
18_25,MALE,Q4,4,2016 Q4,0.06,2016,2016_Q4,11104,0.5,0.09,7845.75,1.31,
26_34,FEMALE,Q4,4,2016 Q4,0.11,2016,2016_Q4,19723,0.49,0.09,14142,2.32,
26_34,MALE,Q4,4,2016 Q4,0.12,2016,2016_Q4,20497,0.51,0.09,14942.5,2.41,
35_44,FEMALE,Q4,4,2016 Q4,0.08,2016,2016_Q4,14268,0.51,0.09,9693.25,1.68,
35_44,MALE,Q4,4,2016 Q4,0.08,2016,2016_Q4,13699,0.49,0.09,9794.5,1.61,
45_54,FEMALE,Q4,4,2016 Q4,0.1,2016,2016_Q4,17714,0.52,0.09,11672,2.08,
45_54,MALE,Q4,4,2016 Q4,0.09,2016,2016_Q4,16410,0.48,0.09,11241,1.93,
55_64,FEMALE,Q4,4,2016 Q4,0.11,2016,2016_Q4,19582,0.53,0.09,11695.5,2.3,
55_64,MALE,Q4,4,2016 Q4,0.1,2016,2016_Q4,17283,0.47,0.09,10672.25,2.03,
65_PLUS,FEMALE,Q4,4,2016 Q4,0,2016,2016_Q4,563,0.53,0.09,406,0.07,
65_PLUS,MALE,Q4,4,2016 Q4,0,2016,2016_Q4,490,0.47,0.09,383.25,0.06,
0_17,FEMALE,Q1,1,2017 Q1,0.03,2017,2017_Q1,4008,0.49,0.09,4008.25,0.57,-1415
0_17,MALE,Q1,1,2017 Q1,0.03,2017,2017_Q1,4153,0.51,0.09,4228.5,0.59,-1514
18_25,FEMALE,Q1,1,2017 Q1,0.06,2017,2017_Q1,7757,0.48,0.09,6277.5,1.11,-4919
18_25,MALE,Q1,1,2017 Q1,0.07,2017,2017_Q1,8476,0.52,0.09,6339.5,1.21,-6025
26_34,FEMALE,Q1,1,2017 Q1,0.12,2017,2017_Q1,14439,0.47,0.09,12174,2.06,-7872
26_34,MALE,Q1,1,2017 Q1,0.13,2017,2017_Q1,16188,0.53,0.09,12331,2.31,-10446
35_44,FEMALE,Q1,1,2017 Q1,0.08,2017,2017_Q1,9750,0.49,0.09,8279.75,1.39,-5654
35_44,MALE,Q1,1,2017 Q1,0.08,2017,2017_Q1,10185,0.51,0.09,8024,1.45,-7082
45_54,FEMALE,Q1,1,2017 Q1,0.1,2017,2017_Q1,11688,0.51,0.09,9747.5,1.67,-7698
45_54,MALE,Q1,1,2017 Q1,0.09,2017,2017_Q1,11140,0.49,0.09,8977.75,1.59,-9053
55_64,FEMALE,Q1,1,2017 Q1,0.09,2017,2017_Q1,11025,0.51,0.09,10234.25,1.57,-5845
55_64,MALE,Q1,1,2017 Q1,0.09,2017,2017_Q1,10394,0.49,0.09,9013.5,1.48,-6635
65_PLUS,FEMALE,Q1,1,2017 Q1,0,2017,2017_Q1,571,0.51,0.09,374,0.08,-128
65_PLUS,MALE,Q1,1,2017 Q1,0,2017,2017_Q1,557,0.49,0.09,348.5,0.08,-139
0_17,FEMALE,Q2,2,2017 Q2,0.05,2017,2017_Q2,2054,0.49,0.09,3938.25,0.29,-280
0_17,MALE,Q2,2,2017 Q2,0.05,2017,2017_Q2,2102,0.51,0.09,4115.25,0.3,-453
18_25,FEMALE,Q2,2,2017 Q2,0.06,2017,2017_Q2,2656,0.52,0.09,6087,0.38,-762
18_25,MALE,Q2,2,2017 Q2,0.06,2017,2017_Q2,2446,0.48,0.09,6149,0.35,-762
26_34,FEMALE,Q2,2,2017 Q2,0.14,2017,2017_Q2,6132,0.53,0.09,11873.75,0.87,-1201
26_34,MALE,Q2,2,2017 Q2,0.13,2017,2017_Q2,5432,0.47,0.09,12060.5,0.78,-1082
35_44,FEMALE,Q2,2,2017 Q2,0.09,2017,2017_Q2,3720,0.53,0.09,8027,0.53,-1011
35_44,MALE,Q2,2,2017 Q2,0.08,2017,2017_Q2,3294,0.47,0.09,7767.25,0.47,-1027
45_54,FEMALE,Q2,2,2017 Q2,0.09,2017,2017_Q2,3861,0.54,0.09,9430.5,0.55,-1268
45_54,MALE,Q2,2,2017 Q2,0.08,2017,2017_Q2,3337,0.46,0.09,8669,0.48,-1235
55_64,FEMALE,Q2,2,2017 Q2,0.1,2017,2017_Q2,4221,0.54,0.09,9881,0.6,-1413
55_64,MALE,Q2,2,2017 Q2,0.08,2017,2017_Q2,3579,0.46,0.09,8756,0.51,-1030
65_PLUS,FEMALE,Q2,2,2017 Q2,0,2017,2017_Q2,151,0.5,0.09,365.5,0.02,-34
65_PLUS,MALE,Q2,2,2017 Q2,0,2017,2017_Q2,149,0.5,0.09,341.25,0.02,-29
0_17,FEMALE,Q3,3,2017 Q3,0.05,2017,2017_Q3,2140,0.48,0.09,3848.5,0.31,-359
0_17,MALE,Q3,3,2017 Q3,0.06,2017,2017_Q3,2281,0.52,0.09,4017.25,0.33,-392
18_25,FEMALE,Q3,3,2017 Q3,0.06,2017,2017_Q3,2357,0.53,0.09,5932.25,0.34,-619
18_25,MALE,Q3,3,2017 Q3,0.05,2017,2017_Q3,2049,0.47,0.09,6018.75,0.29,-521
26_34,FEMALE,Q3,3,2017 Q3,0.15,2017,2017_Q3,6037,0.54,0.09,11582.75,0.86,-1164
26_34,MALE,Q3,3,2017 Q3,0.13,2017,2017_Q3,5124,0.46,0.09,11810.25,0.73,-1001
35_44,FEMALE,Q3,3,2017 Q3,0.09,2017,2017_Q3,3526,0.54,0.09,7816,0.5,-844
35_44,MALE,Q3,3,2017 Q3,0.08,2017,2017_Q3,2970,0.46,0.09,7537,0.42,-921
45_54,FEMALE,Q3,3,2017 Q3,0.08,2017,2017_Q3,3322,0.54,0.09,9146.25,0.47,-1137
45_54,MALE,Q3,3,2017 Q3,0.07,2017,2017_Q3,2781,0.46,0.09,8417,0.4,-1008
55_64,FEMALE,Q3,3,2017 Q3,0.09,2017,2017_Q3,3701,0.56,0.09,9632.25,0.53,-995
55_64,MALE,Q3,3,2017 Q3,0.07,2017,2017_Q3,2922,0.44,0.09,8544.5,0.42,-846
65_PLUS,FEMALE,Q3,3,2017 Q3,0.01,2017,2017_Q3,200,0.54,0.09,371.25,0.03,23
65_PLUS,MALE,Q3,3,2017 Q3,0,2017,2017_Q3,173,0.46,0.09,342.25,0.02,4
0_17,FEMALE,Q4,4,2017 Q4,0.04,2017,2017_Q4,8155,0.49,0.09,4089.25,1.16,963
0_17,MALE,Q4,4,2017 Q4,0.05,2017,2017_Q4,8557,0.51,0.09,4273.25,1.22,1024
18_25,FEMALE,Q4,4,2017 Q4,0.06,2017,2017_Q4,11673,0.5,0.09,6110.75,1.67,714
18_25,MALE,Q4,4,2017 Q4,0.06,2017,2017_Q4,11740,0.5,0.09,6177.75,1.68,636
26_34,FEMALE,Q4,4,2017 Q4,0.11,2017,2017_Q4,21773,0.5,0.09,12095.25,3.11,2050
26_34,MALE,Q4,4,2017 Q4,0.12,2017,2017_Q4,21807,0.5,0.09,12137.75,3.11,1310
35_44,FEMALE,Q4,4,2017 Q4,0.08,2017,2017_Q4,15816,0.51,0.09,8203,2.26,1548
35_44,MALE,Q4,4,2017 Q4,0.08,2017,2017_Q4,15066,0.49,0.09,7878.75,2.15,1367
45_54,FEMALE,Q4,4,2017 Q4,0.1,2017,2017_Q4,19083,0.53,0.09,9488.5,2.72,1369
45_54,MALE,Q4,4,2017 Q4,0.09,2017,2017_Q4,16964,0.47,0.09,8555.5,2.42,554
55_64,FEMALE,Q4,4,2017 Q4,0.11,2017,2017_Q4,20204,0.53,0.09,9787.75,2.88,622
55_64,MALE,Q4,4,2017 Q4,0.09,2017,2017_Q4,17673,0.47,0.09,8642,2.52,390
65_PLUS,FEMALE,Q4,4,2017 Q4,0,2017,2017_Q4,480,0.51,0.09,350.5,0.07,-83
65_PLUS,MALE,Q4,4,2017 Q4,0,2017,2017_Q4,458,0.49,0.09,334.25,0.07,-32
0_17,FEMALE,Q1,1,2018 Q1,0.04,2018,2018_Q1,3854,0.5,0.09,4050.75,0.66,-154
0_17,MALE,Q1,1,2018 Q1,0.04,2018,2018_Q1,3883,0.5,0.09,4205.75,0.66,-270
18_25,FEMALE,Q1,1,2018 Q1,0.07,2018,2018_Q1,6374,0.5,0.09,5765,1.09,-1383
18_25,MALE,Q1,1,2018 Q1,0.07,2018,2018_Q1,6359,0.5,0.09,5648.5,1.09,-2117
26_34,FEMALE,Q1,1,2018 Q1,0.12,2018,2018_Q1,11783,0.49,0.09,11431.25,2.01,-2656
26_34,MALE,Q1,1,2018 Q1,0.13,2018,2018_Q1,12163,0.51,0.09,11131.5,2.08,-4025
35_44,FEMALE,Q1,1,2018 Q1,0.08,2018,2018_Q1,8132,0.5,0.09,7798.5,1.39,-1618
35_44,MALE,Q1,1,2018 Q1,0.08,2018,2018_Q1,8151,0.5,0.09,7370.25,1.39,-2034
45_54,FEMALE,Q1,1,2018 Q1,0.1,2018,2018_Q1,9276,0.52,0.09,8885.5,1.58,-2412
45_54,MALE,Q1,1,2018 Q1,0.09,2018,2018_Q1,8499,0.48,0.09,7895.25,1.45,-2641
55_64,FEMALE,Q1,1,2018 Q1,0.1,2018,2018_Q1,9429,0.53,0.09,9388.75,1.61,-1596
55_64,MALE,Q1,1,2018 Q1,0.09,2018,2018_Q1,8393,0.47,0.09,8141.75,1.43,-2001
65_PLUS,FEMALE,Q1,1,2018 Q1,0,2018,2018_Q1,404,0.5,0.09,308.75,0.07,-167
65_PLUS,MALE,Q1,1,2018 Q1,0,2018,2018_Q1,405,0.5,0.09,296.25,0.07,-152
0_17,FEMALE,Q2,2,2018 Q2,0.05,2018,2018_Q2,1854,0.49,0.09,4000.75,0.32,-200
0_17,MALE,Q2,2,2018 Q2,0.05,2018,2018_Q2,1915,0.51,0.09,4159,0.33,-187
18_25,FEMALE,Q2,2,2018 Q2,0.07,2018,2018_Q2,2585,0.52,0.09,5747.25,0.44,-71
18_25,MALE,Q2,2,2018 Q2,0.06,2018,2018_Q2,2409,0.48,0.09,5639.25,0.41,-37
26_34,FEMALE,Q2,2,2018 Q2,0.15,2018,2018_Q2,5722,0.53,0.09,11328.75,0.98,-410
26_34,MALE,Q2,2,2018 Q2,0.13,2018,2018_Q2,5129,0.47,0.09,11055.75,0.88,-303
35_44,FEMALE,Q2,2,2018 Q2,0.09,2018,2018_Q2,3346,0.53,0.09,7705,0.57,-374
35_44,MALE,Q2,2,2018 Q2,0.08,2018,2018_Q2,2984,0.47,0.09,7292.75,0.51,-310
45_54,FEMALE,Q2,2,2018 Q2,0.08,2018,2018_Q2,3304,0.54,0.09,8746.25,0.56,-557
45_54,MALE,Q2,2,2018 Q2,0.07,2018,2018_Q2,2774,0.46,0.09,7754.5,0.47,-563
55_64,FEMALE,Q2,2,2018 Q2,0.1,2018,2018_Q2,3933,0.56,0.09,9316.75,0.67,-288
55_64,MALE,Q2,2,2018 Q2,0.08,2018,2018_Q2,3130,0.44,0.09,8029.5,0.53,-449
65_PLUS,FEMALE,Q2,2,2018 Q2,0,2018,2018_Q2,123,0.49,0.09,301.75,0.02,-28
65_PLUS,MALE,Q2,2,2018 Q2,0,2018,2018_Q2,128,0.51,0.09,291,0.02,-21
0_17,FEMALE,Q3,3,2018 Q3,0.05,2018,2018_Q3,1965,0.49,0.09,3957,0.34,-175
0_17,MALE,Q3,3,2018 Q3,0.06,2018,2018_Q3,2056,0.51,0.09,4102.75,0.35,-225
18_25,FEMALE,Q3,3,2018 Q3,0.07,2018,2018_Q3,2551,0.55,0.09,5795.75,0.44,194
18_25,MALE,Q3,3,2018 Q3,0.06,2018,2018_Q3,2063,0.45,0.09,5642.75,0.35,14
26_34,FEMALE,Q3,3,2018 Q3,0.16,2018,2018_Q3,5760,0.54,0.09,11259.5,0.98,-277
26_34,MALE,Q3,3,2018 Q3,0.13,2018,2018_Q3,4840,0.46,0.09,10984.75,0.83,-284
35_44,FEMALE,Q3,3,2018 Q3,0.09,2018,2018_Q3,3217,0.55,0.09,7627.75,0.55,-309
35_44,MALE,Q3,3,2018 Q3,0.07,2018,2018_Q3,2669,0.45,0.09,7217.5,0.46,-301
45_54,FEMALE,Q3,3,2018 Q3,0.08,2018,2018_Q3,2947,0.55,0.09,8652.5,0.5,-375
45_54,MALE,Q3,3,2018 Q3,0.07,2018,2018_Q3,2447,0.45,0.09,7671,0.42,-334
55_64,FEMALE,Q3,3,2018 Q3,0.09,2018,2018_Q3,3475,0.56,0.09,9260.25,0.59,-226
55_64,MALE,Q3,3,2018 Q3,0.07,2018,2018_Q3,2681,0.44,0.09,7969.25,0.46,-241
65_PLUS,FEMALE,Q3,3,2018 Q3,0,2018,2018_Q3,133,0.5,0.09,285,0.02,-67
65_PLUS,MALE,Q3,3,2018 Q3,0,2018,2018_Q3,132,0.5,0.09,280.75,0.02,-41
0_17,FEMALE,Q4,4,2018 Q4,0.04,2018,2018_Q4,5989,0.48,0.09,3415.5,1.02,-2166
0_17,MALE,Q4,4,2018 Q4,0.04,2018,2018_Q4,6461,0.52,0.09,3578.75,1.1,-2096
18_25,FEMALE,Q4,4,2018 Q4,0.06,2018,2018_Q4,9741,0.5,0.09,5312.75,1.66,-1932
18_25,MALE,Q4,4,2018 Q4,0.06,2018,2018_Q4,9678,0.5,0.09,5127.25,1.65,-2062
26_34,FEMALE,Q4,4,2018 Q4,0.12,2018,2018_Q4,18980,0.5,0.09,10561.25,3.24,-2793
26_34,MALE,Q4,4,2018 Q4,0.12,2018,2018_Q4,18641,0.5,0.09,10193.25,3.18,-3166
35_44,FEMALE,Q4,4,2018 Q4,0.08,2018,2018_Q4,12487,0.51,0.09,6795.5,2.13,-3329
35_44,MALE,Q4,4,2018 Q4,0.08,2018,2018_Q4,11805,0.49,0.09,6402.25,2.01,-3261
45_54,FEMALE,Q4,4,2018 Q4,0.1,2018,2018_Q4,14855,0.54,0.09,7595.5,2.54,-4228
45_54,MALE,Q4,4,2018 Q4,0.08,2018,2018_Q4,12832,0.46,0.09,6638,2.19,-4132
55_64,FEMALE,Q4,4,2018 Q4,0.11,2018,2018_Q4,17470,0.54,0.09,8576.75,2.98,-2734
55_64,MALE,Q4,4,2018 Q4,0.1,2018,2018_Q4,14977,0.46,0.09,7295.25,2.56,-2696
65_PLUS,FEMALE,Q4,4,2018 Q4,0,2018,2018_Q4,386,0.49,0.09,261.5,0.07,-94
65_PLUS,MALE,Q4,4,2018 Q4,0,2018,2018_Q4,408,0.51,0.09,268.25,0.07,-50
0_17,FEMALE,Q1,1,2019 Q1,0.04,2019,2019_Q1,3062,0.49,0.09,3217.5,0.51,-792
0_17,MALE,Q1,1,2019 Q1,0.04,2019,2019_Q1,3238,0.51,0.09,3417.5,0.54,-645
18_25,FEMALE,Q1,1,2019 Q1,0.07,2019,2019_Q1,5136,0.52,0.09,5003.25,0.86,-1238
18_25,MALE,Q1,1,2019 Q1,0.06,2019,2019_Q1,4777,0.48,0.09,4731.75,0.8,-1582
26_34,FEMALE,Q1,1,2019 Q1,0.13,2019,2019_Q1,9972,0.51,0.09,10108.5,1.67,-1811
26_34,MALE,Q1,1,2019 Q1,0.13,2019,2019_Q1,9674,0.49,0.09,9571,1.62,-2489
35_44,FEMALE,Q1,1,2019 Q1,0.08,2019,2019_Q1,6236,0.51,0.09,6321.5,1.05,-1896
35_44,MALE,Q1,1,2019 Q1,0.08,2019,2019_Q1,5884,0.49,0.09,5835.5,0.99,-2267
45_54,FEMALE,Q1,1,2019 Q1,0.09,2019,2019_Q1,6813,0.53,0.09,6979.75,1.14,-2463
45_54,MALE,Q1,1,2019 Q1,0.08,2019,2019_Q1,6095,0.47,0.09,6037,1.02,-2404
55_64,FEMALE,Q1,1,2019 Q1,0.1,2019,2019_Q1,7746,0.54,0.09,8156,1.3,-1683
55_64,MALE,Q1,1,2019 Q1,0.09,2019,2019_Q1,6491,0.46,0.09,6819.75,1.09,-1902
65_PLUS,FEMALE,Q1,1,2019 Q1,0,2019,2019_Q1,246,0.52,0.09,222,0.04,-158
65_PLUS,MALE,Q1,1,2019 Q1,0,2019,2019_Q1,224,0.48,0.09,223,0.04,-181
0_17,FEMALE,Q2,2,2019 Q2,0.05,2019,2019_Q2,1932,0.5,0.09,3237,0.32,78
0_17,MALE,Q2,2,2019 Q2,0.05,2019,2019_Q2,1908,0.5,0.09,3415.75,0.32,-7
18_25,FEMALE,Q2,2,2019 Q2,0.07,2019,2019_Q2,2555,0.53,0.09,4995.75,0.43,-30
18_25,MALE,Q2,2,2019 Q2,0.06,2019,2019_Q2,2274,0.47,0.09,4698,0.38,-135
26_34,FEMALE,Q2,2,2019 Q2,0.15,2019,2019_Q2,5624,0.54,0.09,10084,0.94,-98
26_34,MALE,Q2,2,2019 Q2,0.12,2019,2019_Q2,4772,0.46,0.09,9481.75,0.8,-357
35_44,FEMALE,Q2,2,2019 Q2,0.08,2019,2019_Q2,3160,0.53,0.09,6275,0.53,-186
35_44,MALE,Q2,2,2019 Q2,0.07,2019,2019_Q2,2755,0.47,0.09,5778.25,0.46,-229
45_54,FEMALE,Q2,2,2019 Q2,0.08,2019,2019_Q2,3200,0.55,0.09,6953.75,0.54,-104
45_54,MALE,Q2,2,2019 Q2,0.07,2019,2019_Q2,2601,0.45,0.09,5993.75,0.44,-173
55_64,FEMALE,Q2,2,2019 Q2,0.1,2019,2019_Q2,3990,0.55,0.09,8170.25,0.67,57
55_64,MALE,Q2,2,2019 Q2,0.08,2019,2019_Q2,3209,0.45,0.09,6839.5,0.54,79
65_PLUS,FEMALE,Q2,2,2019 Q2,0,2019,2019_Q2,115,0.51,0.09,220,0.02,-8
65_PLUS,MALE,Q2,2,2019 Q2,0,2019,2019_Q2,112,0.49,0.09,219,0.02,-16
0_17,FEMALE,Q3,3,2019 Q3,0.05,2019,2019_Q3,1912,0.48,0.09,3223.75,0.32,-53
0_17,MALE,Q3,3,2019 Q3,0.06,2019,2019_Q3,2074,0.52,0.09,3420.25,0.35,18
18_25,FEMALE,Q3,3,2019 Q3,0.06,2019,2019_Q3,2340,0.53,0.09,4943,0.39,-211
18_25,MALE,Q3,3,2019 Q3,0.06,2019,2019_Q3,2113,0.47,0.09,4710.5,0.35,50
26_34,FEMALE,Q3,3,2019 Q3,0.16,2019,2019_Q3,5800,0.55,0.09,10094,0.97,40
26_34,MALE,Q3,3,2019 Q3,0.13,2019,2019_Q3,4712,0.45,0.09,9449.75,0.79,-128
35_44,FEMALE,Q3,3,2019 Q3,0.09,2019,2019_Q3,3178,0.53,0.09,6265.25,0.53,-39
35_44,MALE,Q3,3,2019 Q3,0.07,2019,2019_Q3,2775,0.47,0.09,5804.75,0.47,106
45_54,FEMALE,Q3,3,2019 Q3,0.08,2019,2019_Q3,3060,0.55,0.09,6982,0.51,113
45_54,MALE,Q3,3,2019 Q3,0.07,2019,2019_Q3,2536,0.45,0.09,6016,0.43,89
55_64,FEMALE,Q3,3,2019 Q3,0.09,2019,2019_Q3,3537,0.55,0.09,8185.75,0.59,62
55_64,MALE,Q3,3,2019 Q3,0.08,2019,2019_Q3,2912,0.45,0.09,6897.25,0.49,231
65_PLUS,FEMALE,Q3,3,2019 Q3,0.01,2019,2019_Q3,238,0.56,0.09,246.25,0.04,105
65_PLUS,MALE,Q3,3,2019 Q3,0,2019,2019_Q3,186,0.44,0.09,232.5,0.03,54
0_17,FEMALE,Q4,4,2019 Q4,0.04,2019,2019_Q4,7136,0.49,0.09,3510.5,1.2,1147
0_17,MALE,Q4,4,2019 Q4,0.04,2019,2019_Q4,7382,0.51,0.09,3650.5,1.24,921
18_25,FEMALE,Q4,4,2019 Q4,0.06,2019,2019_Q4,11091,0.5,0.09,5280.5,1.86,1350
18_25,MALE,Q4,4,2019 Q4,0.06,2019,2019_Q4,11151,0.5,0.09,5078.75,1.87,1473
26_34,FEMALE,Q4,4,2019 Q4,0.11,2019,2019_Q4,20985,0.5,0.09,10595.25,3.52,2005
26_34,MALE,Q4,4,2019 Q4,0.12,2019,2019_Q4,21292,0.5,0.09,10112.5,3.57,2651
35_44,FEMALE,Q4,4,2019 Q4,0.08,2019,2019_Q4,14129,0.51,0.09,6675.75,2.37,1642
35_44,MALE,Q4,4,2019 Q4,0.08,2019,2019_Q4,13737,0.49,0.09,6287.75,2.3,1932
45_54,FEMALE,Q4,4,2019 Q4,0.1,2019,2019_Q4,17454,0.53,0.09,7631.75,2.93,2599
45_54,MALE,Q4,4,2019 Q4,0.08,2019,2019_Q4,15262,0.47,0.09,6623.5,2.56,2430
55_64,FEMALE,Q4,4,2019 Q4,0.12,2019,2019_Q4,22462,0.54,0.09,9433.75,3.77,4992
55_64,MALE,Q4,4,2019 Q4,0.11,2019,2019_Q4,19244,0.46,0.09,7964,3.23,4267
65_PLUS,FEMALE,Q4,4,2019 Q4,0,2019,2019_Q4,621,0.49,0.09,305,0.1,235
65_PLUS,MALE,Q4,4,2019 Q4,0,2019,2019_Q4,636,0.51,0.09,289.5,0.11,228
0_17,FEMALE,Q1,1,2020 Q1,0.04,2020,2020_Q1,5457,0.49,0.09,4109.25,0.63,2395
0_17,MALE,Q1,1,2020 Q1,0.04,2020,2020_Q1,5587,0.51,0.09,4237.75,0.65,2349
18_25,FEMALE,Q1,1,2020 Q1,0.06,2020,2020_Q1,10023,0.49,0.09,6502.25,1.17,4887
18_25,MALE,Q1,1,2020 Q1,0.07,2020,2020_Q1,10589,0.51,0.09,6531.75,1.23,5812
26_34,FEMALE,Q1,1,2020 Q1,0.12,2020,2020_Q1,18615,0.48,0.09,12756,2.16,8643
26_34,MALE,Q1,1,2020 Q1,0.13,2020,2020_Q1,20295,0.52,0.09,12767.75,2.36,10621
35_44,FEMALE,Q1,1,2020 Q1,0.08,2020,2020_Q1,12347,0.49,0.09,8203.5,1.44,6111
35_44,MALE,Q1,1,2020 Q1,0.08,2020,2020_Q1,12986,0.51,0.09,8063.25,1.51,7102
45_54,FEMALE,Q1,1,2020 Q1,0.09,2020,2020_Q1,14394,0.52,0.09,9527,1.67,7581
45_54,MALE,Q1,1,2020 Q1,0.09,2020,2020_Q1,13184,0.48,0.09,8395.75,1.53,7089
55_64,FEMALE,Q1,1,2020 Q1,0.1,2020,2020_Q1,15640,0.52,0.09,11407.25,1.82,7894
55_64,MALE,Q1,1,2020 Q1,0.09,2020,2020_Q1,14461,0.48,0.09,9956.5,1.68,7970
65_PLUS,FEMALE,Q1,1,2020 Q1,0,2020,2020_Q1,508,0.5,0.09,370.5,0.06,262
65_PLUS,MALE,Q1,1,2020 Q1,0,2020,2020_Q1,510,0.5,0.09,361,0.06,286
0_17,FEMALE,Q2,2,2020 Q2,0.03,2020,2020_Q2,3310,0.48,0.09,4453.75,0.38,1378
0_17,MALE,Q2,2,2020 Q2,0.04,2020,2020_Q2,3616,0.52,0.09,4664.75,0.42,1708
18_25,FEMALE,Q2,2,2020 Q2,0.06,2020,2020_Q2,5954,0.51,0.09,7352,0.69,3399
18_25,MALE,Q2,2,2020 Q2,0.06,2020,2020_Q2,5658,0.49,0.09,7377.75,0.66,3384
26_34,FEMALE,Q2,2,2020 Q2,0.12,2020,2020_Q2,12382,0.51,0.09,14445.5,1.44,6758
26_34,MALE,Q2,2,2020 Q2,0.12,2020,2020_Q2,11913,0.49,0.09,14553,1.39,7141
35_44,FEMALE,Q2,2,2020 Q2,0.08,2020,2020_Q2,8102,0.51,0.09,9439,0.94,4942
35_44,MALE,Q2,2,2020 Q2,0.08,2020,2020_Q2,7936,0.49,0.09,9358.5,0.92,5181
45_54,FEMALE,Q2,2,2020 Q2,0.1,2020,2020_Q2,9598,0.53,0.09,11126.5,1.12,6398
45_54,MALE,Q2,2,2020 Q2,0.08,2020,2020_Q2,8404,0.47,0.09,9846.5,0.98,5803
55_64,FEMALE,Q2,2,2020 Q2,0.12,2020,2020_Q2,11821,0.53,0.09,13365,1.37,7831
55_64,MALE,Q2,2,2020 Q2,0.1,2020,2020_Q2,10453,0.47,0.09,11767.5,1.22,7244
65_PLUS,FEMALE,Q2,2,2020 Q2,0,2020,2020_Q2,307,0.53,0.09,418.5,0.04,192
65_PLUS,MALE,Q2,2,2020 Q2,0,2020,2020_Q2,275,0.47,0.09,401.75,0.03,163
0_17,FEMALE,Q3,3,2020 Q3,0.04,2020,2020_Q3,2763,0.49,0.09,4666.5,0.32,851
0_17,MALE,Q3,3,2020 Q3,0.04,2020,2020_Q3,2914,0.51,0.09,4874.75,0.34,840
18_25,FEMALE,Q3,3,2020 Q3,0.06,2020,2020_Q3,4635,0.52,0.09,7925.75,0.54,2295
18_25,MALE,Q3,3,2020 Q3,0.06,2020,2020_Q3,4246,0.48,0.09,7911,0.49,2133
26_34,FEMALE,Q3,3,2020 Q3,0.14,2020,2020_Q3,10841,0.52,0.09,15705.75,1.26,5041
26_34,MALE,Q3,3,2020 Q3,0.13,2020,2020_Q3,10135,0.48,0.09,15908.75,1.18,5423
35_44,FEMALE,Q3,3,2020 Q3,0.08,2020,2020_Q3,5907,0.5,0.09,10121.25,0.69,2729
35_44,MALE,Q3,3,2020 Q3,0.08,2020,2020_Q3,5801,0.5,0.09,10115,0.67,3026
45_54,FEMALE,Q3,3,2020 Q3,0.09,2020,2020_Q3,6514,0.53,0.09,11990,0.76,3454
45_54,MALE,Q3,3,2020 Q3,0.08,2020,2020_Q3,5758,0.47,0.09,10652,0.67,3222
55_64,FEMALE,Q3,3,2020 Q3,0.11,2020,2020_Q3,8283,0.55,0.09,14551.5,0.96,4746
55_64,MALE,Q3,3,2020 Q3,0.09,2020,2020_Q3,6850,0.45,0.09,12752,0.8,3938
65_PLUS,FEMALE,Q3,3,2020 Q3,0,2020,2020_Q3,229,0.51,0.09,416.25,0.03,-9
65_PLUS,MALE,Q3,3,2020 Q3,0,2020,2020_Q3,217,0.49,0.09,409.5,0.03,31
0_17,FEMALE,Q4,4,2020 Q4,0.03,2020,2020_Q4,5121,0.49,0.09,4162.75,0.6,-2015
0_17,MALE,Q4,4,2020 Q4,0.04,2020,2020_Q4,5360,0.51,0.09,4369.25,0.62,-2022
18_25,FEMALE,Q4,4,2020 Q4,0.06,2020,2020_Q4,9301,0.51,0.09,7478.25,1.08,-1790
18_25,MALE,Q4,4,2020 Q4,0.06,2020,2020_Q4,9030,0.49,0.09,7380.75,1.05,-2121
26_34,FEMALE,Q4,4,2020 Q4,0.12,2020,2020_Q4,18654,0.5,0.09,15123,2.17,-2331
26_34,MALE,Q4,4,2020 Q4,0.12,2020,2020_Q4,18945,0.5,0.09,15322,2.2,-2347
35_44,FEMALE,Q4,4,2020 Q4,0.08,2020,2020_Q4,11570,0.49,0.09,9481.5,1.35,-2559
35_44,MALE,Q4,4,2020 Q4,0.08,2020,2020_Q4,11830,0.51,0.09,9638.25,1.38,-1907
45_54,FEMALE,Q4,4,2020 Q4,0.09,2020,2020_Q4,14057,0.53,0.09,11140.75,1.63,-3397
45_54,MALE,Q4,4,2020 Q4,0.08,2020,2020_Q4,12318,0.47,0.09,9916,1.43,-2944
55_64,FEMALE,Q4,4,2020 Q4,0.12,2020,2020_Q4,18659,0.53,0.09,13600.75,2.17,-3803
55_64,MALE,Q4,4,2020 Q4,0.11,2020,2020_Q4,16286,0.47,0.09,12012.5,1.89,-2958
65_PLUS,FEMALE,Q4,4,2020 Q4,0,2020,2020_Q4,533,0.5,0.09,394.25,0.06,-88
65_PLUS,MALE,Q4,4,2020 Q4,0,2020,2020_Q4,543,0.5,0.09,386.25,0.06,-93
0_17,FEMALE,Q1,1,2021 Q1,0.03,2021,2021_Q1,3268,0.49,0.09,3615.5,0.43,-2189
0_17,MALE,Q1,1,2021 Q1,0.03,2021,2021_Q1,3429,0.51,0.09,3829.75,0.45,-2158
18_25,FEMALE,Q1,1,2021 Q1,0.07,2021,2021_Q1,7094,0.49,0.09,6746,0.94,-2929
18_25,MALE,Q1,1,2021 Q1,0.07,2021,2021_Q1,7482,0.51,0.09,6604,0.99,-3107
26_34,FEMALE,Q1,1,2021 Q1,0.13,2021,2021_Q1,13838,0.47,0.09,13928.75,1.82,-4777
26_34,MALE,Q1,1,2021 Q1,0.14,2021,2021_Q1,15634,0.53,0.09,14156.75,2.06,-4661
35_44,FEMALE,Q1,1,2021 Q1,0.08,2021,2021_Q1,8190,0.47,0.09,8442.25,1.08,-4157
35_44,MALE,Q1,1,2021 Q1,0.09,2021,2021_Q1,9399,0.53,0.09,8741.5,1.24,-3587
45_54,FEMALE,Q1,1,2021 Q1,0.08,2021,2021_Q1,9185,0.5,0.09,9838.5,1.21,-5209
45_54,MALE,Q1,1,2021 Q1,0.08,2021,2021_Q1,9086,0.5,0.09,8891.5,1.2,-4098
55_64,FEMALE,Q1,1,2021 Q1,0.1,2021,2021_Q1,11201,0.52,0.09,12491,1.48,-4439
55_64,MALE,Q1,1,2021 Q1,0.1,2021,2021_Q1,10404,0.48,0.09,10998.25,1.37,-4057
65_PLUS,FEMALE,Q1,1,2021 Q1,0,2021,2021_Q1,440,0.51,0.09,377.25,0.06,-68
65_PLUS,MALE,Q1,1,2021 Q1,0,2021,2021_Q1,424,0.49,0.09,364.75,0.06,-86
0_17,FEMALE,Q2,2,2021 Q2,0.04,2021,2021_Q2,4258,0.48,0.09,3852.5,0.56,948
0_17,MALE,Q2,2,2021 Q2,0.04,2021,2021_Q2,4647,0.52,0.09,4087.5,0.61,1031
18_25,FEMALE,Q2,2,2021 Q2,0.06,2021,2021_Q2,7601,0.5,0.09,7157.75,1,1647
18_25,MALE,Q2,2,2021 Q2,0.07,2021,2021_Q2,7645,0.5,0.09,7100.75,1.01,1987
26_34,FEMALE,Q2,2,2021 Q2,0.12,2021,2021_Q2,14620,0.48,0.09,14488.25,1.93,2238
26_34,MALE,Q2,2,2021 Q2,0.13,2021,2021_Q2,15851,0.52,0.09,15141.25,2.09,3938
35_44,FEMALE,Q2,2,2021 Q2,0.08,2021,2021_Q2,8823,0.48,0.09,8622.5,1.16,721
35_44,MALE,Q2,2,2021 Q2,0.08,2021,2021_Q2,9622,0.52,0.09,9163,1.27,1686
45_54,FEMALE,Q2,2,2021 Q2,0.08,2021,2021_Q2,9776,0.51,0.09,9883,1.29,178
45_54,MALE,Q2,2,2021 Q2,0.08,2021,2021_Q2,9240,0.49,0.09,9100.5,1.22,836
55_64,FEMALE,Q2,2,2021 Q2,0.11,2021,2021_Q2,12896,0.52,0.09,12759.75,1.7,1075
55_64,MALE,Q2,2,2021 Q2,0.1,2021,2021_Q2,11708,0.48,0.09,11312,1.54,1255
65_PLUS,FEMALE,Q2,2,2021 Q2,0,2021,2021_Q2,430,0.5,0.09,408,0.06,123
65_PLUS,MALE,Q2,2,2021 Q2,0,2021,2021_Q2,438,0.5,0.09,405.5,0.06,163
0_17,FEMALE,Q3,3,2021 Q3,0.05,2021,2021_Q3,6143,0.49,0.09,4697.5,0.81,3380
0_17,MALE,Q3,3,2021 Q3,0.05,2021,2021_Q3,6452,0.51,0.09,4972,0.85,3538
18_25,FEMALE,Q3,3,2021 Q3,0.07,2021,2021_Q3,9323,0.53,0.09,8329.75,1.23,4688
18_25,MALE,Q3,3,2021 Q3,0.06,2021,2021_Q3,8369,0.47,0.09,8131.5,1.1,4123
26_34,FEMALE,Q3,3,2021 Q3,0.14,2021,2021_Q3,19241,0.51,0.09,16588.25,2.54,8400
26_34,MALE,Q3,3,2021 Q3,0.14,2021,2021_Q3,18466,0.49,0.09,17224,2.44,8331
35_44,FEMALE,Q3,3,2021 Q3,0.08,2021,2021_Q3,10879,0.49,0.09,9865.5,1.43,4972
35_44,MALE,Q3,3,2021 Q3,0.08,2021,2021_Q3,11323,0.51,0.09,10543.5,1.49,5522
45_54,FEMALE,Q3,3,2021 Q3,0.08,2021,2021_Q3,10679,0.52,0.09,10924.25,1.41,4165
45_54,MALE,Q3,3,2021 Q3,0.07,2021,2021_Q3,9813,0.48,0.09,10114.25,1.29,4055
55_64,FEMALE,Q3,3,2021 Q3,0.09,2021,2021_Q3,12825,0.53,0.09,13895.25,1.69,4542
55_64,MALE,Q3,3,2021 Q3,0.08,2021,2021_Q3,11383,0.47,0.09,12445.25,1.5,4533
65_PLUS,FEMALE,Q3,3,2021 Q3,0,2021,2021_Q3,479,0.52,0.09,470.5,0.06,250
65_PLUS,MALE,Q3,3,2021 Q3,0,2021,2021_Q3,450,0.48,0.09,463.75,0.06,233
0_17,FEMALE,Q4,4,2021 Q4,0.04,2021,2021_Q4,2735,0.48,0.09,4101,0.36,-2386
0_17,MALE,Q4,4,2021 Q4,0.05,2021,2021_Q4,3002,0.52,0.09,4382.5,0.4,-2358
18_25,FEMALE,Q4,4,2021 Q4,0.07,2021,2021_Q4,4095,0.53,0.09,7028.25,0.54,-5206
18_25,MALE,Q4,4,2021 Q4,0.06,2021,2021_Q4,3596,0.47,0.09,6773,0.47,-5434
26_34,FEMALE,Q4,4,2021 Q4,0.15,2021,2021_Q4,9257,0.52,0.09,14239,1.22,-9397
26_34,MALE,Q4,4,2021 Q4,0.14,2021,2021_Q4,8500,0.48,0.09,14612.75,1.12,-10445
35_44,FEMALE,Q4,4,2021 Q4,0.08,2021,2021_Q4,5167,0.5,0.09,8264.75,0.68,-6403
35_44,MALE,Q4,4,2021 Q4,0.08,2021,2021_Q4,5132,0.5,0.09,8869,0.68,-6698
45_54,FEMALE,Q4,4,2021 Q4,0.08,2021,2021_Q4,4838,0.53,0.09,8619.5,0.64,-9219
45_54,MALE,Q4,4,2021 Q4,0.07,2021,2021_Q4,4334,0.47,0.09,8118.25,0.57,-7984
55_64,FEMALE,Q4,4,2021 Q4,0.09,2021,2021_Q4,5869,0.53,0.09,10697.75,0.77,-12790
55_64,MALE,Q4,4,2021 Q4,0.08,2021,2021_Q4,5112,0.47,0.09,9651.75,0.67,-11174
65_PLUS,FEMALE,Q4,4,2021 Q4,0,2021,2021_Q4,273,0.51,0.09,405.5,0.04,-260
65_PLUS,MALE,Q4,4,2021 Q4,0,2021,2021_Q4,258,0.49,0.09,392.5,0.03,-285
0_17,FEMALE,Q1,1,2022 Q1,0.04,2022,2022_Q1,4384,0.49,0.09,4380,0.59,1116
0_17,MALE,Q1,1,2022 Q1,0.04,2022,2022_Q1,4611,0.51,0.09,4678,0.62,1182
18_25,FEMALE,Q1,1,2022 Q1,0.07,2022,2022_Q1,8354,0.52,0.09,7343.25,1.13,1260
18_25,MALE,Q1,1,2022 Q1,0.07,2022,2022_Q1,7856,0.48,0.09,6866.5,1.06,374
26_34,FEMALE,Q1,1,2022 Q1,0.14,2022,2022_Q1,16142,0.49,0.09,14815,2.18,2304
26_34,MALE,Q1,1,2022 Q1,0.14,2022,2022_Q1,16626,0.51,0.09,14860.75,2.25,992
35_44,FEMALE,Q1,1,2022 Q1,0.08,2022,2022_Q1,8845,0.48,0.09,8428.5,1.2,655
35_44,MALE,Q1,1,2022 Q1,0.08,2022,2022_Q1,9579,0.52,0.09,8914,1.29,180
45_54,FEMALE,Q1,1,2022 Q1,0.08,2022,2022_Q1,9185,0.52,0.09,8619.5,1.24,0
45_54,MALE,Q1,1,2022 Q1,0.07,2022,2022_Q1,8541,0.48,0.09,7982,1.15,-545
55_64,FEMALE,Q1,1,2022 Q1,0.1,2022,2022_Q1,11297,0.53,0.09,10721.75,1.53,96
55_64,MALE,Q1,1,2022 Q1,0.09,2022,2022_Q1,10171,0.47,0.09,9593.5,1.37,-233
65_PLUS,FEMALE,Q1,1,2022 Q1,0,2022,2022_Q1,513,0.5,0.09,423.75,0.07,73
65_PLUS,MALE,Q1,1,2022 Q1,0,2022,2022_Q1,504,0.5,0.09,412.5,0.07,80
0_17,FEMALE,Q2,2,2022 Q2,0.05,2022,2022_Q2,6451,0.49,0.09,4928.25,0.87,2193
0_17,MALE,Q2,2,2022 Q2,0.06,2022,2022_Q2,6810,0.51,0.09,5218.75,0.92,2163
18_25,FEMALE,Q2,2,2022 Q2,0.07,2022,2022_Q2,8759,0.54,0.09,7632.75,1.18,1158
18_25,MALE,Q2,2,2022 Q2,0.06,2022,2022_Q2,7452,0.46,0.09,6818.25,1.01,-193
26_34,FEMALE,Q2,2,2022 Q2,0.14,2022,2022_Q2,17385,0.52,0.09,15506.25,2.35,2765
26_34,MALE,Q2,2,2022 Q2,0.13,2022,2022_Q2,15837,0.48,0.09,14857.25,2.14,-14
35_44,FEMALE,Q2,2,2022 Q2,0.08,2022,2022_Q2,10098,0.51,0.09,8747.25,1.36,1275
35_44,MALE,Q2,2,2022 Q2,0.08,2022,2022_Q2,9856,0.49,0.09,8972.5,1.33,234
45_54,FEMALE,Q2,2,2022 Q2,0.07,2022,2022_Q2,8775,0.53,0.09,8369.25,1.19,-1001
45_54,MALE,Q2,2,2022 Q2,0.07,2022,2022_Q2,7937,0.47,0.09,7656.25,1.07,-1303
55_64,FEMALE,Q2,2,2022 Q2,0.09,2022,2022_Q2,10605,0.54,0.09,10149,1.43,-2291
55_64,MALE,Q2,2,2022 Q2,0.08,2022,2022_Q2,9015,0.46,0.09,8920.25,1.22,-2693
65_PLUS,FEMALE,Q2,2,2022 Q2,0,2022,2022_Q2,486,0.49,0.09,437.75,0.07,56
65_PLUS,MALE,Q2,2,2022 Q2,0,2022,2022_Q2,502,0.51,0.09,428.5,0.07,64
0_17,FEMALE,Q3,3,2022 Q3,0.06,2022,2022_Q3,6367,0.48,0.09,4984.25,0.86,224
0_17,MALE,Q3,3,2022 Q3,0.06,2022,2022_Q3,6922,0.52,0.09,5336.25,0.94,470
18_25,FEMALE,Q3,3,2022 Q3,0.07,2022,2022_Q3,8307,0.54,0.09,7378.75,1.12,-1016
18_25,MALE,Q3,3,2022 Q3,0.06,2022,2022_Q3,7042,0.46,0.09,6486.5,0.95,-1327
26_34,FEMALE,Q3,3,2022 Q3,0.15,2022,2022_Q3,17125,0.54,0.09,14977.25,2.31,-2116
26_34,MALE,Q3,3,2022 Q3,0.13,2022,2022_Q3,14858,0.46,0.09,13955.25,2.01,-3608
35_44,FEMALE,Q3,3,2022 Q3,0.09,2022,2022_Q3,9722,0.51,0.09,8458,1.31,-1157
35_44,MALE,Q3,3,2022 Q3,0.08,2022,2022_Q3,9199,0.49,0.09,8441.5,1.24,-2124
45_54,FEMALE,Q3,3,2022 Q3,0.07,2022,2022_Q3,8410,0.54,0.09,7802,1.14,-2269
45_54,MALE,Q3,3,2022 Q3,0.06,2022,2022_Q3,7155,0.46,0.09,6991.75,0.97,-2658
55_64,FEMALE,Q3,3,2022 Q3,0.08,2022,2022_Q3,9469,0.54,0.09,9310,1.28,-3356
55_64,MALE,Q3,3,2022 Q3,0.07,2022,2022_Q3,8082,0.46,0.09,8095,1.09,-3301
65_PLUS,FEMALE,Q3,3,2022 Q3,0,2022,2022_Q3,468,0.52,0.09,435,0.06,-11
65_PLUS,MALE,Q3,3,2022 Q3,0,2022,2022_Q3,437,0.48,0.09,425.25,0.06,-13
0_17,FEMALE,Q4,4,2022 Q4,0.05,2022,2022_Q4,3219,0.49,0.09,5105.25,0.44,484
0_17,MALE,Q4,4,2022 Q4,0.05,2022,2022_Q4,3418,0.51,0.09,5440.25,0.46,416
18_25,FEMALE,Q4,4,2022 Q4,0.07,2022,2022_Q4,4646,0.54,0.09,7516.5,0.63,551
18_25,MALE,Q4,4,2022 Q4,0.06,2022,2022_Q4,3995,0.46,0.09,6586.25,0.54,399
26_34,FEMALE,Q4,4,2022 Q4,0.15,2022,2022_Q4,9385,0.54,0.09,15009.25,1.27,128
26_34,MALE,Q4,4,2022 Q4,0.13,2022,2022_Q4,8093,0.46,0.09,13853.5,1.09,-407
35_44,FEMALE,Q4,4,2022 Q4,0.09,2022,2022_Q4,5461,0.51,0.09,8531.5,0.74,294
35_44,MALE,Q4,4,2022 Q4,0.08,2022,2022_Q4,5244,0.49,0.09,8469.5,0.71,112
45_54,FEMALE,Q4,4,2022 Q4,0.08,2022,2022_Q4,4877,0.53,0.09,7811.75,0.66,39
45_54,MALE,Q4,4,2022 Q4,0.07,2022,2022_Q4,4345,0.47,0.09,6994.5,0.59,11
55_64,FEMALE,Q4,4,2022 Q4,0.09,2022,2022_Q4,5924,0.54,0.09,9323.75,0.8,55
55_64,MALE,Q4,4,2022 Q4,0.08,2022,2022_Q4,5034,0.46,0.09,8075.5,0.68,-78
65_PLUS,FEMALE,Q4,4,2022 Q4,0,2022,2022_Q4,272,0.5,0.09,434.75,0.04,-1
65_PLUS,MALE,Q4,4,2022 Q4,0,2022,2022_Q4,269,0.5,0.09,428,0.04,11
0_17,FEMALE,Q1,1,2023 Q1,0.03,2023,2023_Q1,11121,0.26,0.04,7604,0.87,4670
0_17,MALE,Q1,1,2023 Q1,0.03,2023,2023_Q1,11577,0.27,0.04,7994,0.9,4767
18_25,FEMALE,Q1,1,2023 Q1,0.04,2023,2023_Q1,14875,0.28,0.04,9146.75,1.16,6521
18_25,MALE,Q1,1,2023 Q1,0.03,2023,2023_Q1,13545,0.25,0.04,9189.5,1.05,6093
26_34,FEMALE,Q1,1,2023 Q1,0.07,2023,2023_Q1,28987,0.27,0.04,18220.5,2.26,12845
26_34,MALE,Q1,1,2023 Q1,0.07,2023,2023_Q1,27912,0.26,0.04,16675,2.17,11286
35_44,FEMALE,Q1,1,2023 Q1,0.05,2023,2023_Q1,19219,0.26,0.04,12766.25,1.5,9121
35_44,MALE,Q1,1,2023 Q1,0.05,2023,2023_Q1,19924,0.27,0.04,12981.25,1.55,10068
45_54,FEMALE,Q1,1,2023 Q1,0.04,2023,2023_Q1,18506,0.28,0.04,11950.5,1.44,9731
45_54,MALE,Q1,1,2023 Q1,0.04,2023,2023_Q1,16648,0.25,0.04,9021.25,1.3,8107
55_64,FEMALE,Q1,1,2023 Q1,0.05,2023,2023_Q1,21286,0.28,0.04,13796,1.66,10681
55_64,MALE,Q1,1,2023 Q1,0.05,2023,2023_Q1,19164,0.25,0.04,10323.75,1.49,8993
65_PLUS,FEMALE,Q1,1,2023 Q1,0,2023,2023_Q1,1031,0.28,0.04,648.25,0.08,545
65_PLUS,MALE,Q1,1,2023 Q1,0,2023,2023_Q1,1031,0.28,0.04,559.75,0.08,527
0_17,FEMALE,Q2,2,2023 Q2,0.05,2023,2023_Q2,6975,0.48,0.09,7756,0.54,608
0_17,MALE,Q2,2,2023 Q2,0.06,2023,2023_Q2,7495,0.52,0.09,8137.25,0.58,573
18_25,FEMALE,Q2,2,2023 Q2,0.07,2023,2023_Q2,9876,0.53,0.09,10612,0.77,1569
18_25,MALE,Q2,2,2023 Q2,0.07,2023,2023_Q2,8867,0.47,0.09,9645.75,0.69,1825
26_34,FEMALE,Q2,2,2023 Q2,0.14,2023,2023_Q2,19238,0.53,0.09,20799.25,1.5,2113
26_34,MALE,Q2,2,2023 Q2,0.13,2023,2023_Q2,17132,0.47,0.09,19576.5,1.33,2274
35_44,FEMALE,Q2,2,2023 Q2,0.09,2023,2023_Q2,11954,0.52,0.09,13324.25,0.93,2232
35_44,MALE,Q2,2,2023 Q2,0.08,2023,2023_Q2,11096,0.48,0.09,13455.5,0.86,1897
45_54,FEMALE,Q2,2,2023 Q2,0.07,2023,2023_Q2,9880,0.53,0.09,12318,0.77,1470
45_54,MALE,Q2,2,2023 Q2,0.06,2023,2023_Q2,8669,0.47,0.09,11083.25,0.67,1514
55_64,FEMALE,Q2,2,2023 Q2,0.08,2023,2023_Q2,11271,0.54,0.09,14246.5,0.88,1802
55_64,MALE,Q2,2,2023 Q2,0.07,2023,2023_Q2,9765,0.46,0.09,12704.25,0.76,1683
65_PLUS,FEMALE,Q2,2,2023 Q2,0,2023,2023_Q2,624,0.53,0.09,687.25,0.05,156
65_PLUS,MALE,Q2,2,2023 Q2,0,2023,2023_Q2,561,0.47,0.09,676.5,0.04,124
0_17,FEMALE,Q3,3,2023 Q3,0.06,2023,2023_Q3,11060,0.49,0.09,9716.25,0.86,7841
0_17,MALE,Q3,3,2023 Q3,0.06,2023,2023_Q3,11701,0.51,0.09,10208,0.91,8283
18_25,FEMALE,Q3,3,2023 Q3,0.09,2023,2023_Q3,16879,0.53,0.09,13670.25,1.31,12233
18_25,MALE,Q3,3,2023 Q3,0.08,2023,2023_Q3,14870,0.47,0.09,12364.5,1.16,10875
26_34,FEMALE,Q3,3,2023 Q3,0.14,2023,2023_Q3,27722,0.57,0.09,25383.5,2.16,18337
26_34,MALE,Q3,3,2023 Q3,0.11,2023,2023_Q3,21033,0.43,0.09,22811.5,1.64,12940
35_44,FEMALE,Q3,3,2023 Q3,0.1,2023,2023_Q3,18685,0.56,0.09,16630.25,1.45,13224
35_44,MALE,Q3,3,2023 Q3,0.08,2023,2023_Q3,14917,0.44,0.09,15873.75,1.16,9673
45_54,FEMALE,Q3,3,2023 Q3,0.08,2023,2023_Q3,14720,0.56,0.09,14778.75,1.15,9843
45_54,MALE,Q3,3,2023 Q3,0.06,2023,2023_Q3,11573,0.44,0.09,12890.25,0.9,7228
55_64,FEMALE,Q3,3,2023 Q3,0.07,2023,2023_Q3,14279,0.55,0.09,16335.25,1.11,8355
55_64,MALE,Q3,3,2023 Q3,0.06,2023,2023_Q3,11818,0.45,0.09,14400.25,0.92,6784
65_PLUS,FEMALE,Q3,3,2023 Q3,0.01,2023,2023_Q3,1210,0.51,0.09,921.75,0.09,938
65_PLUS,MALE,Q3,3,2023 Q3,0.01,2023,2023_Q3,1165,0.49,0.09,900.5,0.09,896
0_17,FEMALE,Q4,4,2023 Q4,0.06,2023,2023_Q4,9029,0.48,0.09,9546.25,0.7,-680
0_17,MALE,Q4,4,2023 Q4,0.06,2023,2023_Q4,9745,0.52,0.09,10129.5,0.76,-314
18_25,FEMALE,Q4,4,2023 Q4,0.1,2023,2023_Q4,14507,0.53,0.09,13578.25,1.13,-368
18_25,MALE,Q4,4,2023 Q4,0.09,2023,2023_Q4,12954,0.47,0.09,12559,1.01,778
26_34,FEMALE,Q4,4,2023 Q4,0.14,2023,2023_Q4,20735,0.59,0.09,23320.5,1.61,-8252
26_34,MALE,Q4,4,2023 Q4,0.1,2023,2023_Q4,14630,0.41,0.09,19491,1.14,-13282
35_44,FEMALE,Q4,4,2023 Q4,0.1,2023,2023_Q4,15373,0.57,0.09,16307.75,1.2,-1290
35_44,MALE,Q4,4,2023 Q4,0.08,2023,2023_Q4,11376,0.43,0.09,14328.25,0.89,-6182
45_54,FEMALE,Q4,4,2023 Q4,0.08,2023,2023_Q4,11680,0.57,0.09,13696.5,0.91,-4329
45_54,MALE,Q4,4,2023 Q4,0.06,2023,2023_Q4,8847,0.43,0.09,10940,0.69,-7801
55_64,FEMALE,Q4,4,2023 Q4,0.07,2023,2023_Q4,10657,0.54,0.09,14373.25,0.83,-7848
55_64,MALE,Q4,4,2023 Q4,0.06,2023,2023_Q4,9104,0.46,0.09,11885.25,0.71,-10060
65_PLUS,FEMALE,Q4,4,2023 Q4,0.01,2023,2023_Q4,1471,0.49,0.09,1084,0.11,649
65_PLUS,MALE,Q4,4,2023 Q4,0.01,2023,2023_Q4,1503,0.51,0.09,1018.5,0.12,472
0_17,FEMALE,Q1,1,2024 Q1,0.05,2024,2024_Q1,10392,0.49,0.09,9364,0.98,-729
0_17,MALE,Q1,1,2024 Q1,0.05,2024,2024_Q1,10603,0.51,0.09,9886,1,-974
18_25,FEMALE,Q1,1,2024 Q1,0.08,2024,2024_Q1,16718,0.51,0.09,14495,1.58,3667
18_25,MALE,Q1,1,2024 Q1,0.07,2024,2024_Q1,15894,0.49,0.09,13146.25,1.51,2349
26_34,FEMALE,Q1,1,2024 Q1,0.12,2024,2024_Q1,26753,0.52,0.09,23612,2.53,1166
26_34,MALE,Q1,1,2024 Q1,0.11,2024,2024_Q1,25036,0.48,0.09,19457.75,2.37,-133
35_44,FEMALE,Q1,1,2024 Q1,0.09,2024,2024_Q1,20210,0.51,0.09,16555.5,1.91,991
35_44,MALE,Q1,1,2024 Q1,0.09,2024,2024_Q1,19228,0.49,0.09,14154.25,1.82,-696
45_54,FEMALE,Q1,1,2024 Q1,0.09,2024,2024_Q1,19357,0.54,0.09,13909.25,1.83,851
45_54,MALE,Q1,1,2024 Q1,0.07,2024,2024_Q1,16388,0.46,0.09,11369.25,1.55,1717
55_64,FEMALE,Q1,1,2024 Q1,0.1,2024,2024_Q1,21488,0.54,0.09,14423.75,2.04,202
55_64,MALE,Q1,1,2024 Q1,0.08,2024,2024_Q1,18651,0.46,0.09,12334.5,1.77,1797
65_PLUS,FEMALE,Q1,1,2024 Q1,0,2024,2024_Q1,659,0.5,0.09,991,0.06,-372
65_PLUS,MALE,Q1,1,2024 Q1,0,2024,2024_Q1,663,0.5,0.09,973,0.06,-182
0_17,FEMALE,Q2,2,2024 Q2,0.05,2024,2024_Q2,7604,0.49,0.09,9521.25,0.72,629
0_17,MALE,Q2,2,2024 Q2,0.05,2024,2024_Q2,8064,0.51,0.09,10028.25,0.76,569
18_25,FEMALE,Q2,2,2024 Q2,0.09,2024,2024_Q2,13325,0.52,0.09,15357.25,1.26,3449
18_25,MALE,Q2,2,2024 Q2,0.08,2024,2024_Q2,12484,0.48,0.09,14050.5,1.18,3617
26_34,FEMALE,Q2,2,2024 Q2,0.12,2024,2024_Q2,19248,0.54,0.09,23614.5,1.82,10
26_34,MALE,Q2,2,2024 Q2,0.11,2024,2024_Q2,16560,0.46,0.09,19314.75,1.57,-572
35_44,FEMALE,Q2,2,2024 Q2,0.09,2024,2024_Q2,14405,0.54,0.09,17168.25,1.36,2451
35_44,MALE,Q2,2,2024 Q2,0.08,2024,2024_Q2,12386,0.46,0.09,14476.75,1.17,1290
45_54,FEMALE,Q2,2,2024 Q2,0.09,2024,2024_Q2,13351,0.57,0.09,14777,1.26,3471
45_54,MALE,Q2,2,2024 Q2,0.07,2024,2024_Q2,10154,0.43,0.09,11740.5,0.96,1485
55_64,FEMALE,Q2,2,2024 Q2,0.1,2024,2024_Q2,15169,0.56,0.09,15398.25,1.44,3898
55_64,MALE,Q2,2,2024 Q2,0.08,2024,2024_Q2,12075,0.44,0.09,12912,1.14,2310
65_PLUS,FEMALE,Q2,2,2024 Q2,0,2024,2024_Q2,436,0.51,0.09,944,0.04,-188
65_PLUS,MALE,Q2,2,2024 Q2,0,2024,2024_Q2,427,0.49,0.09,939.5,0.04,-134
0_17,FEMALE,Q3,3,2024 Q3,0.05,2024,2024_Q3,7565,0.49,0.09,8647.5,0.72,-3495
0_17,MALE,Q3,3,2024 Q3,0.06,2024,2024_Q3,7974,0.51,0.09,9096.5,0.76,-3727
18_25,FEMALE,Q3,3,2024 Q3,0.09,2024,2024_Q3,12371,0.52,0.09,14230.25,1.17,-4508
18_25,MALE,Q3,3,2024 Q3,0.08,2024,2024_Q3,11598,0.48,0.09,13232.5,1.1,-3272
26_34,FEMALE,Q3,3,2024 Q3,0.13,2024,2024_Q3,18228,0.55,0.09,21241,1.73,-9494
26_34,MALE,Q3,3,2024 Q3,0.11,2024,2024_Q3,15176,0.45,0.09,17850.5,1.44,-5857
35_44,FEMALE,Q3,3,2024 Q3,0.09,2024,2024_Q3,13010,0.54,0.09,15749.5,1.23,-5675
35_44,MALE,Q3,3,2024 Q3,0.08,2024,2024_Q3,11230,0.46,0.09,13555,1.06,-3687
45_54,FEMALE,Q3,3,2024 Q3,0.08,2024,2024_Q3,11334,0.56,0.09,13930.5,1.07,-3386
45_54,MALE,Q3,3,2024 Q3,0.06,2024,2024_Q3,8838,0.44,0.09,11056.75,0.84,-2735
55_64,FEMALE,Q3,3,2024 Q3,0.09,2024,2024_Q3,12383,0.55,0.09,14924.25,1.17,-1896
55_64,MALE,Q3,3,2024 Q3,0.07,2024,2024_Q3,9954,0.45,0.09,12446,0.94,-1864
65_PLUS,FEMALE,Q3,3,2024 Q3,0,2024,2024_Q3,367,0.5,0.09,733.25,0.03,-843
65_PLUS,MALE,Q3,3,2024 Q3,0,2024,2024_Q3,370,0.5,0.09,740.75,0.04,-795
0_17,FEMALE,Q4,4,2024 Q4,0.05,2024,2024_Q4,3710,0.49,0.09,7317.75,0.35,-5319
0_17,MALE,Q4,4,2024 Q4,0.05,2024,2024_Q4,3879,0.51,0.09,7630,0.37,-5866
18_25,FEMALE,Q4,4,2024 Q4,0.08,2024,2024_Q4,6049,0.51,0.09,12115.75,0.57,-8458
18_25,MALE,Q4,4,2024 Q4,0.08,2024,2024_Q4,5745,0.49,0.09,11430.25,0.54,-7209
26_34,FEMALE,Q4,4,2024 Q4,0.13,2024,2024_Q4,9483,0.53,0.09,18428,0.9,-11252
26_34,MALE,Q4,4,2024 Q4,0.11,2024,2024_Q4,8323,0.47,0.09,16273.75,0.79,-6307
35_44,FEMALE,Q4,4,2024 Q4,0.09,2024,2024_Q4,6679,0.52,0.09,13576,0.63,-8694
35_44,MALE,Q4,4,2024 Q4,0.08,2024,2024_Q4,6108,0.48,0.09,12238,0.58,-5268
45_54,FEMALE,Q4,4,2024 Q4,0.08,2024,2024_Q4,5863,0.55,0.09,12476.25,0.56,-5817
45_54,MALE,Q4,4,2024 Q4,0.07,2024,2024_Q4,4774,0.45,0.09,10038.5,0.45,-4073
55_64,FEMALE,Q4,4,2024 Q4,0.09,2024,2024_Q4,6566,0.55,0.09,13901.5,0.62,-4091
55_64,MALE,Q4,4,2024 Q4,0.07,2024,2024_Q4,5388,0.45,0.09,11517,0.51,-3716
65_PLUS,FEMALE,Q4,4,2024 Q4,0,2024,2024_Q4,173,0.47,0.09,408.75,0.02,-1298
65_PLUS,MALE,Q4,4,2024 Q4,0,2024,2024_Q4,196,0.53,0.09,414,0.02,-1307
0_17,FEMALE,Q1,1,2025 Q1,0.05,2025,2025_Q1,10876,0.48,0.09,7438.75,0.79,484
0_17,MALE,Q1,1,2025 Q1,0.05,2025,2025_Q1,11587,0.52,0.09,7876,0.84,984
18_25,FEMALE,Q1,1,2025 Q1,0.08,2025,2025_Q1,18888,0.51,0.09,12658.25,1.37,2170
18_25,MALE,Q1,1,2025 Q1,0.08,2025,2025_Q1,18227,0.49,0.09,12013.5,1.32,2333
26_34,FEMALE,Q1,1,2025 Q1,0.12,2025,2025_Q1,28266,0.51,0.09,18806.25,2.05,1513
26_34,MALE,Q1,1,2025 Q1,0.12,2025,2025_Q1,27491,0.49,0.09,16887.5,2,2455
35_44,FEMALE,Q1,1,2025 Q1,0.09,2025,2025_Q1,22099,0.51,0.09,14048.25,1.6,1889
35_44,MALE,Q1,1,2025 Q1,0.09,2025,2025_Q1,21264,0.49,0.09,12747,1.54,2036
45_54,FEMALE,Q1,1,2025 Q1,0.08,2025,2025_Q1,19869,0.54,0.09,12604.25,1.44,512
45_54,MALE,Q1,1,2025 Q1,0.07,2025,2025_Q1,16992,0.46,0.09,10189.5,1.23,604
55_64,FEMALE,Q1,1,2025 Q1,0.09,2025,2025_Q1,21408,0.54,0.09,13881.5,1.55,-80
55_64,MALE,Q1,1,2025 Q1,0.08,2025,2025_Q1,18345,0.46,0.09,11440.5,1.33,-306
65_PLUS,FEMALE,Q1,1,2025 Q1,0,2025,2025_Q1,650,0.51,0.09,406.5,0.05,-9
65_PLUS,MALE,Q1,1,2025 Q1,0,2025,2025_Q1,637,0.49,0.09,407.5,0.05,-26
0_17,FEMALE,Q2,2,2025 Q2,0.05,2025,2025_Q2,10042,0.49,0.09,8048.25,0.73,2438
0_17,MALE,Q2,2,2025 Q2,0.05,2025,2025_Q2,10596,0.51,0.09,8509,0.77,2532
18_25,FEMALE,Q2,2,2025 Q2,0.09,2025,2025_Q2,17738,0.51,0.09,13761.5,1.29,4413
18_25,MALE,Q2,2,2025 Q2,0.08,2025,2025_Q2,17136,0.49,0.09,13176.5,1.24,4652
26_34,FEMALE,Q2,2,2025 Q2,0.12,2025,2025_Q2,25372,0.53,0.09,20337.25,1.84,6124
26_34,MALE,Q2,2,2025 Q2,0.11,2025,2025_Q2,22940,0.47,0.09,18482.5,1.66,6380
35_44,FEMALE,Q2,2,2025 Q2,0.09,2025,2025_Q2,19158,0.52,0.09,15236.5,1.39,4753
35_44,MALE,Q2,2,2025 Q2,0.09,2025,2025_Q2,17597,0.48,0.09,14049.75,1.28,5211
45_54,FEMALE,Q2,2,2025 Q2,0.08,2025,2025_Q2,16388,0.55,0.09,13363.5,1.19,3037
45_54,MALE,Q2,2,2025 Q2,0.06,2025,2025_Q2,13217,0.45,0.09,10955.25,0.96,3063
55_64,FEMALE,Q2,2,2025 Q2,0.09,2025,2025_Q2,18381,0.55,0.09,14684.5,1.33,3212
55_64,MALE,Q2,2,2025 Q2,0.07,2025,2025_Q2,14904,0.45,0.09,12147.75,1.08,2829
65_PLUS,FEMALE,Q2,2,2025 Q2,0,2025,2025_Q2,512,0.49,0.09,425.5,0.04,76
65_PLUS,MALE,Q2,2,2025 Q2,0,2025,2025_Q2,536,0.51,0.09,434.75,0.04,109
0_17,FEMALE,Q3,3,2025 Q3,0.05,2025,2025_Q3,7339,0.49,0.09,7991.75,0.53,-226
0_17,MALE,Q3,3,2025 Q3,0.05,2025,2025_Q3,7548,0.51,0.09,8402.5,0.55,-426
18_25,FEMALE,Q3,3,2025 Q3,0.08,2025,2025_Q3,11686,0.51,0.09,13590.25,0.85,-685
18_25,MALE,Q3,3,2025 Q3,0.08,2025,2025_Q3,11277,0.49,0.09,13096.25,0.82,-321
26_34,FEMALE,Q3,3,2025 Q3,0.13,2025,2025_Q3,17678,0.54,0.09,20199.75,1.28,-550
26_34,MALE,Q3,3,2025 Q3,0.11,2025,2025_Q3,15293,0.46,0.09,18511.75,1.11,117
35_44,FEMALE,Q3,3,2025 Q3,0.09,2025,2025_Q3,12895,0.53,0.09,15207.75,0.94,-115
35_44,MALE,Q3,3,2025 Q3,0.08,2025,2025_Q3,11445,0.47,0.09,14103.5,0.83,215
45_54,FEMALE,Q3,3,2025 Q3,0.08,2025,2025_Q3,10974,0.56,0.09,13273.5,0.8,-360
45_54,MALE,Q3,3,2025 Q3,0.06,2025,2025_Q3,8736,0.44,0.09,10929.75,0.63,-102
55_64,FEMALE,Q3,3,2025 Q3,0.09,2025,2025_Q3,12190,0.55,0.09,14636.25,0.88,-193
55_64,MALE,Q3,3,2025 Q3,0.07,2025,2025_Q3,9971,0.45,0.09,12152,0.72,17
65_PLUS,FEMALE,Q3,3,2025 Q3,0,2025,2025_Q3,307,0.5,0.09,410.5,0.02,-60
65_PLUS,MALE,Q3,3,2025 Q3,0,2025,2025_Q3,302,0.5,0.09,417.75,0.02,-68
